{
    "0j": {
        "Real": 0.0,
        "Imag": 0.0,
        "Abs": 0.0
    },
    "1j": {
        "Real": 0.0,
        "Imag": 1.0,
        "Abs": 1.0
    },
    "2j": {
        "Real": 0.0,
        "Imag": 2.0,
        "Abs": 2.0
    },
    "3j": {
        "Real": 0.0,
        "Imag": 3.0,
        "Abs": 3.0
    },
    "4j": {
        "Real": 0.0,
        "Imag": 4.0,
        "Abs": 4.0
    },
    "5j": {
        "Real": 0.0,
        "Imag": 5.0,
        "Abs": 5.0
    },
    "(1+0j)": {
        "Real": 1.0,
        "Imag": 0.0,
        "Abs": 1.0
    },
    "(1+1j)": {
        "Real": 1.0,
        "Imag": 1.0,
        "Abs": 1.4142135623730951
    },
    "(1+2j)": {
        "Real": 1.0,
        "Imag": 2.0,
        "Abs": 2.23606797749979
    },
    "(1+3j)": {
        "Real": 1.0,
        "Imag": 3.0,
        "Abs": 3.1622776601683795
    },
    "(1+4j)": {
        "Real": 1.0,
        "Imag": 4.0,
        "Abs": 4.123105625617661
    },
    "(1+5j)": {
        "Real": 1.0,
        "Imag": 5.0,
        "Abs": 5.0990195135927845
    },
    "(2+0j)": {
        "Real": 2.0,
        "Imag": 0.0,
        "Abs": 2.0
    },
    "(2+1j)": {
        "Real": 2.0,
        "Imag": 1.0,
        "Abs": 2.23606797749979
    },
    "(2+2j)": {
        "Real": 2.0,
        "Imag": 2.0,
        "Abs": 2.8284271247461903
    },
    "(2+3j)": {
        "Real": 2.0,
        "Imag": 3.0,
        "Abs": 3.605551275463989
    },
    "(2+4j)": {
        "Real": 2.0,
        "Imag": 4.0,
        "Abs": 4.47213595499958
    },
    "(2+5j)": {
        "Real": 2.0,
        "Imag": 5.0,
        "Abs": 5.385164807134504
    },
    "(3+0j)": {
        "Real": 3.0,
        "Imag": 0.0,
        "Abs": 3.0
    },
    "(3+1j)": {
        "Real": 3.0,
        "Imag": 1.0,
        "Abs": 3.1622776601683795
    },
    "(3+2j)": {
        "Real": 3.0,
        "Imag": 2.0,
        "Abs": 3.605551275463989
    },
    "(3+3j)": {
        "Real": 3.0,
        "Imag": 3.0,
        "Abs": 4.242640687119285
    },
    "(3+4j)": {
        "Real": 3.0,
        "Imag": 4.0,
        "Abs": 5.0
    },
    "(3+5j)": {
        "Real": 3.0,
        "Imag": 5.0,
        "Abs": 5.830951894845301
    },
    "(4+0j)": {
        "Real": 4.0,
        "Imag": 0.0,
        "Abs": 4.0
    },
    "(4+1j)": {
        "Real": 4.0,
        "Imag": 1.0,
        "Abs": 4.123105625617661
    },
    "(4+2j)": {
        "Real": 4.0,
        "Imag": 2.0,
        "Abs": 4.47213595499958
    },
    "(4+3j)": {
        "Real": 4.0,
        "Imag": 3.0,
        "Abs": 5.0
    },
    "(4+4j)": {
        "Real": 4.0,
        "Imag": 4.0,
        "Abs": 5.656854249492381
    },
    "(4+5j)": {
        "Real": 4.0,
        "Imag": 5.0,
        "Abs": 6.4031242374328485
    },
    "(5+0j)": {
        "Real": 5.0,
        "Imag": 0.0,
        "Abs": 5.0
    },
    "(5+1j)": {
        "Real": 5.0,
        "Imag": 1.0,
        "Abs": 5.0990195135927845
    },
    "(5+2j)": {
        "Real": 5.0,
        "Imag": 2.0,
        "Abs": 5.385164807134504
    },
    "(5+3j)": {
        "Real": 5.0,
        "Imag": 3.0,
        "Abs": 5.830951894845301
    },
    "(5+4j)": {
        "Real": 5.0,
        "Imag": 4.0,
        "Abs": 6.4031242374328485
    },
    "(5+5j)": {
        "Real": 5.0,
        "Imag": 5.0,
        "Abs": 7.0710678118654755
    }
}