{
    "0j": {
        "Real": 0.0,
        "Imag": 0.0,
        "Abs": 0.0
    },
    "1j": {
        "Real": 0.0,
        "Imag": 1.0,
        "Abs": 1.0
    },
    "2j": {
        "Real": 0.0,
        "Imag": 2.0,
        "Abs": 2.0
    },
    "3j": {
        "Real": 0.0,
        "Imag": 3.0,
        "Abs": 3.0
    },
    "4j": {
        "Real": 0.0,
        "Imag": 4.0,
        "Abs": 4.0
    },
    "5j": {
        "Real": 0.0,
        "Imag": 5.0,
        "Abs": 5.0
    },
    "6j": {
        "Real": 0.0,
        "Imag": 6.0,
        "Abs": 6.0
    },
    "7j": {
        "Real": 0.0,
        "Imag": 7.0,
        "Abs": 7.0
    },
    "(1+0j)": {
        "Real": 1.0,
        "Imag": 0.0,
        "Abs": 1.0
    },
    "(1+1j)": {
        "Real": 1.0,
        "Imag": 1.0,
        "Abs": 1.4142135623730951
    },
    "(1+2j)": {
        "Real": 1.0,
        "Imag": 2.0,
        "Abs": 2.23606797749979
    },
    "(1+3j)": {
        "Real": 1.0,
        "Imag": 3.0,
        "Abs": 3.1622776601683795
    },
    "(1+4j)": {
        "Real": 1.0,
        "Imag": 4.0,
        "Abs": 4.123105625617661
    },
    "(1+5j)": {
        "Real": 1.0,
        "Imag": 5.0,
        "Abs": 5.0990195135927845
    },
    "(1+6j)": {
        "Real": 1.0,
        "Imag": 6.0,
        "Abs": 6.082762530298219
    },
    "(1+7j)": {
        "Real": 1.0,
        "Imag": 7.0,
        "Abs": 7.0710678118654755
    },
    "(2+0j)": {
        "Real": 2.0,
        "Imag": 0.0,
        "Abs": 2.0
    },
    "(2+1j)": {
        "Real": 2.0,
        "Imag": 1.0,
        "Abs": 2.23606797749979
    },
    "(2+2j)": {
        "Real": 2.0,
        "Imag": 2.0,
        "Abs": 2.8284271247461903
    },
    "(2+3j)": {
        "Real": 2.0,
        "Imag": 3.0,
        "Abs": 3.605551275463989
    },
    "(2+4j)": {
        "Real": 2.0,
        "Imag": 4.0,
        "Abs": 4.47213595499958
    },
    "(2+5j)": {
        "Real": 2.0,
        "Imag": 5.0,
        "Abs": 5.385164807134504
    },
    "(2+6j)": {
        "Real": 2.0,
        "Imag": 6.0,
        "Abs": 6.324555320336759
    },
    "(2+7j)": {
        "Real": 2.0,
        "Imag": 7.0,
        "Abs": 7.280109889280518
    },
    "(3+0j)": {
        "Real": 3.0,
        "Imag": 0.0,
        "Abs": 3.0
    },
    "(3+1j)": {
        "Real": 3.0,
        "Imag": 1.0,
        "Abs": 3.1622776601683795
    },
    "(3+2j)": {
        "Real": 3.0,
        "Imag": 2.0,
        "Abs": 3.605551275463989
    },
    "(3+3j)": {
        "Real": 3.0,
        "Imag": 3.0,
        "Abs": 4.242640687119285
    },
    "(3+4j)": {
        "Real": 3.0,
        "Imag": 4.0,
        "Abs": 5.0
    },
    "(3+5j)": {
        "Real": 3.0,
        "Imag": 5.0,
        "Abs": 5.830951894845301
    },
    "(3+6j)": {
        "Real": 3.0,
        "Imag": 6.0,
        "Abs": 6.708203932499369
    },
    "(3+7j)": {
        "Real": 3.0,
        "Imag": 7.0,
        "Abs": 7.615773105863909
    }
}